UID,Retailer Product Name
ALLEASBAYES6X7GGrapetree,Allinson Easy Bake Yeast 6 x 7g Sachets
ALVEGELACE200MLGrapetree,"Aloe Pura Organic Aloe Vera Gel with Vitamins A, C & E 200ml"
ALOMAXSTR1000MLGrapetree,Aloe Juice Max Strength 1Litre
AVJUICCRAN500MLGrapetree,Aloe Pura Aloe Vera Juice with Cranberry 500ml
ALOEVERAGEL200MGrapetree,Aloe Pura Organic Aloe Vera Gel 200ml
ALOEDPROITO75MLGrapetree,AloeDent Probiotic Toothpaste 75ml
ALODSENTOO100MLGrapetree,AloeDent Sensitive Toothpaste 100ml
AMBUKGFCRIS120GGrapetree,Amisa Organic Gluten Free Buckwheat Crispbread 120g
AMORGFQUIFB100GGrapetree,Amisa Organic Gluten Free Quinoa Fibre Plus Crispbread 100g
AMORGCORICE120GGrapetree,Amisa Organic Gluten Free Corn & Rice Crispbread 120g
AUSTEATREEOIL10Grapetree,Australian Tea Tree Oil 10ml
JWORGBEETJUI1LTGrapetree,James White Organic Beetroot Juice 1Litre
JWBEETGING750MLGrapetree,Beet It Organic Beetroot Juice with Ginger 750ml
BYMAGSLELO180MLGrapetree,BetterYou Magnesium Sleep Lotion 180ml
BYMULDAISPR25MLGrapetree,BetterYou MultiVit Daily Oral Spray 25ml
BYDLUX100015MLGrapetree,BetterYou D1000 Oral D3 Spray 15ml
BYDL3000D3S15MLGrapetree,BetterYou D3000 Vitamin D Oral Spray 15ml
BYMAGNEFLAK250GGrapetree,BetterYou Magnesium Flakes 250g
BYMAGNEFLAKE1KGGrapetree,BetterYou Magnesium Flakes 1kg
BYMAGELORII50MLGrapetree,BetterYou Magnesium Gel 150ml
BYMAGMAXORI120GGrapetree,BetterYou Magnesium Max Original Powder 120g
BYMOILGOOD100MLGrapetree,BetterYou Magnesium Sleep Body Spray 100ml
BYMOILJOIN100MLGrapetree,BetterYou Magnesium Oil Joint Spray 100ml
BYMOILORIG100MLGrapetree,BetterYou Magnesium Oil Original Spray 100ml
BYMAGSLEFLA1KGGrapetree,BetterYou Magnesium Sleep Flakes 1kg
BYBO12ORSPR25MLGrapetree,BetterYou Boost Daily Vitamin B12 Oral Spray 25ml
BYDLUXVITDK12MLGrapetree,BetterYou D3000 Plus Vitamin D Plus K2 Daily 12ml
BIOREDSAUERKRAUGrapetree,Biona Sauerkraut With Ruby Beetroot 350g
BIORGRYOMBR500GGrapetree,Organic Rye Omega 3 Bread 500g
BIORGBEJUI500MLGrapetree,Biona Organic Beetroot Juice 500ml
BIORGBLBEAN400GGrapetree,Biona Organic Black Beans 400g
BIOBLUJUIC330MLGrapetree,Biona Organic Blueberry Pure Superjuice 330ml
BIORGCANBEA400GGrapetree,Biona Organic Cannellini Beans 400g
BIORGCHIPEA400GGrapetree,Biona Organic Chick Peas 400g
BIORGAPCID500MLGrapetree,Biona Organic Cider Vinegar with The Mother 500ml
BIOODCOOIL610MLGrapetree,Biona Organic Mild Odourless Coconut Oil 610ml
BIOCRANBJU330MLGrapetree,Biona Organic Cranberry Juice 330ml
BIORGDATSYR350GGrapetree,Biona Organic Date Syrup 350g
BIOREDAMBEA200GGrapetree,Biona Organic Edamame Beans 200g
BIOGINJUIC200MLGrapetree,Biona Organic Ginger Juice 200ml
BIOTURMERISAURKGrapetree,Biona Sauerkraut Turmeric 350g
BIORGTOMKET560GGrapetree,Biona Organic Tomato Ketchup 560g
BIORGAKIMCH350GGrapetree,Biona Organic Kimchi 350g
BIOLEMJUIC200MLGrapetree,Biona Organic Lemon Juice 200ml
BIOMIXBEANS400GGrapetree,Biona Organic Mixed Beans 400g
BIOPUMPNIBRE500Grapetree,Biona Organic Pumpernickel Bread 500g
BIORGRICSYR350GGrapetree,Biona Organic Rice Syrup 350g
BIORGRYCBRE500GGrapetree,Biona Organic Rye Chia & Flax Bread 500g
BIORGRYPUBR500GGrapetree,Organic Rye & Pumpkin Seed Bread 500g
BIORGSATSAU350GGrapetree,Biona Organic Satay Peanut Simmer Sauce 350g
BIORGASAUER360GGrapetree,Biona Organic Sauerkraut 360g
BIONATEMPEH400GGrapetree,Biona Organic Natural Tempeh 400g
BIORGRYBREA500GGrapetree,Biona Organic Rye Bread 500g
BIOCHERTARTJUI1Grapetree,Biona Organic Pressed Tart Cherry Juice 1Litre
BONBEHORPAT130GGrapetree,Bonsan Organic Vegan Beetroot Horseradish Pate 130g
BONMYLHAZSP350GGrapetree,Bonsan Organic Vegan Mylk Hazel Cocoa Spread 350g
BONCASBEPAT130GGrapetree,Bonsan Organic Vegan Cashew Bell Pepper Pate 130g
BRAPPCIVIN946MLGrapetree,Bragg Organic Apple Cider Vinegar 946ml
BRAPCIDVIN473MLGrapetree,Bragg Organic Apple Cider Vinegar 473ml
BRAGOLHONEY150GGrapetree,Bramble Golden Honeycomb 150g
FJIBAKEWELL80GGrapetree,Bramble Bakewell Flapjack 80g
FJICHERSULT80GGrapetree,Bramble Cherry And Sultana Flapjack 80g
FJIOATFLAPJACK8Grapetree,Bramble Classic Oat Flapjack 80g
BRACLOTFUDGE100Grapetree,Bramble Clotted Cream Fudge 100g
BRAMCOCONUTICEGrapetree,Coconut Ice 110g
BRAFOABAN180GGrapetree,Bramble Foam Bananas 180g
FJISTRAWJAM80GGrapetree,Bramble Strawberry Jam Flapjack 80g
BRAMPINKNWHNOUGGrapetree,Pink and White Nougat 125g
CDSHSTRAWSFLIQGrapetree,Candy Shack Strawberry Sugar Free Liquorice 120g
ALMPISTNOUG100GGrapetree,Carlier Pistachio Nougat With Almonds & Hazelnuts 100g
ALMFRUINOUG100GGrapetree,Carlier Tropical Fruit Nougat With Almonds & Hazelnuts 100g
CSAPPCIVIN500MLGrapetree,Clearspring Organic Apple Cider 500ml
CSREDMISSOUP60GGrapetree,Organic Brown Rice Miso Soup Paste 60g
CSEAVEGTURTRAYLGrapetree,Clearspring Organic Turmeric Seaveg Crispies Trayless 4g
CLIORAFTDIMI20BGrapetree,Clipper Organic After Dinner Mints 20 Teabags
CLIPINSTHOTCHOCGrapetree,Clipper Instant Hot Chocolate 350g
CLIORGROGING20BGrapetree,Clipper Organic Groovy Ginger 20 Teabags
CLIORINLIQUR20BGrapetree,Clipper Organic Liquorice 20 Teabags
CLIORINDANDE80BGrapetree,Clipper Organic Dandelion 20 Teabags
CLIORRIROACOFFEGrapetree,Clipper Organic Rich Roast Coffee 100g
CLIORINFENEL20BGrapetree,Clipper Organic Fennel 20 Teabags
CLIORINLEMGI20NGrapetree,Clipper Organic Lemon And Ginger 20 Teabags
CLIORINNETTL20BGrapetree,Clipper Organic Nettle 20 Teabags
CLIORINPEPPE20BGrapetree,Clipper Organic Peppermint 20 Teabags
CLIORREDBUSH80BGrapetree,Clipper Organic Rooibos 80 Teabags
CLIORINSLEAS20BGrapetree,Clipper Organic Sleep Easy 20 Teabags
CFORCOCOIL500MLGrapetree,Cocofina Organic Odourless Coconut Oil 500ml
CFCOCOMILK400MLGrapetree,Cocofina Organic Coconut Milk 400ml
CMORCINNAPOW250Grapetree,Coconut Merchant Organic Cinnamon Powder 100% Natural 250g
CMRCCOCOBUT300GGrapetree,Rich and Creamy Coconut Butter 300g
CMTURMERPOW250GGrapetree,Coconut Merchant Organic Turmeric Powder 4.4% Curcumin 250g
CMEJACKFRUIT225Grapetree,Coconut Merchant Organic Young Jackfruit In Brine 400g
DRPORCINMUSH_2971Grapetree,Dried Porcini Mushrooms 40g
CYPTAHBROWN300GGrapetree,Cypressa Tahini Brown 300g
CYPTAHLIGHT300GGrapetree,Cypressa Tahini 300g
DARLEAREDLI200GGrapetree,Darrell Lea Red Liquorice 200g
DEVAPPLESTU95GGrapetree,Devonvale Apple Strudel Flapjack 95g
DEVCHERBAW95GGrapetree,Devonvale Cherry Bakewell Flapjack 95g
DEVCHOCHIFLA95GGrapetree,Devonvale Chocolate Chip Flapjack 95g
DEVCHOCHIPFLA95Grapetree,Devonvale Chocolate Orange Flapjack 95g
DEVFRUITFLAPJ95Grapetree,Devonvale Fruit Flapjack 95g
DEVPEANBUTFLA95Grapetree,Devonvale Peanut Butter Flapjack 95g
DEVRASPBFLAP95GGrapetree,Devonvale Raspberry Flapjack 95g
DBSFDARKCHOC85GGrapetree,Diablo Sugar Free Dark Chocolate 85g
DBNASBUTCOO135GGrapetree,Diablo No Added Sugar Butter Cookies 135g
DBSFCAPCREAM75GGrapetree,Diablo Sugar Free Cappuccino & Cream Sweets 75g
DBNASCHGOCO135GGrapetree,Diablo Choc Chip & Goji Berry Cookies 135g
DBNASCHCRCO135GGrapetree,Diablo Chocolate Chip & Cranberry Cookies 135g
DBNASMILCHOC85GGrapetree,Diablo No Added Sugar Milk Chocolate 85g
DBNASHAZSPR350GGrapetree,Diablo No Added Sugar Hazelnut Choc Spread 350g
DBNASHAZCOO135GGrapetree,No Added Sugar Hazelnut Cookies 135g
DBMCHWAFLOW150GGrapetree,Diablo Milk Chocolate Wafers 150g
DBNASHAWHSP135GGrapetree,Hazelnut & White Choco Spread 350g
DBNASWHCHSTR75GGrapetree,Diablo No added Sugar White Chocolate with Strawberry 75g
DBSFSTRCREAM75GGrapetree,Diablo Sugar Free Strawberry & Cream Sweets 75g
DBCHOCOFLAV200GGrapetree,Diablo Sugar Free Chocolate Cake 200g
DBCHOCCHCAK200GGrapetree,Diablo Sugar Free Chocolate Chip Cake 200g
DBSFCHOCHCO130GGrapetree,Diablo Sugar Free Chocolate Chip Cookies 130g
DBSFCHSTPEA150GGrapetree,Diablo Sugar Free Choc Striped Peanut Cookies 150g
DBSFCOCOCOO150GGrapetree,Diablo Sugar Free Coconut Cookies 150g
DBSFDARKHAZE85GGrapetree,Sugar Free Dark Chocolate Hazelnut 85g
DBSFMINCREAM75GGrapetree,Diablo Sugar Free Mint & Cream Sweets 75g
DBSFORANCAK200GGrapetree,Diablo Sugar Free Orange Flavour Cake 200g
DFQUICYEAST125GGrapetree,Doves Farm Quick Yeast 125g
DROCASTOIL250MLGrapetree,Dr Organic Castor 100% Pure Oil 250ml
DROPRCODRAG50MLGrapetree,Dr Organic Dragons Blood Pro Collagen Moisturiser 50ml
DROECALYOIL10MLGrapetree,Dr Organic Eucalyptus 100% Pure Oil 10ml
DROLAVNDOIL10MLGrapetree,Dr Organic Lavender 100% Pure Oil 10ml
DRORMORAROL50MLGrapetree,Dr Organic Moroccan Argan Pure Oil 50ml
DROTEATRHELBALMGrapetree,Dr Organic Tea Tree Heel Balm 100ml
EATRECARONI110GGrapetree,Eat Real Hummus Caramelised Onion And Balsamic Vinegar 110g
EATREHUMCHLE110Grapetree,Eat Real Chilli and Lemon Hummus Chips 110g
EATREITALCHEEPEGrapetree,Eat Real Hummus Italian Cheese And Black Pepper 110g
EATRESEASALT110Grapetree,Eat Real Hummus Chips Salted 110g
EATREHUMTOBA110Grapetree,Eat Real Hummus Chips Tomato And Basil 110g
EATRECHAREDPEPPGrapetree,Eat Real Lentil Chargrilled Red Pepper And Smoked Paprika 95g
EATRELENCHILE95Grapetree,Eat Real Lentil Chips Chilli And Lemon 95g
EATRELENTDILL95Grapetree,Eat Real Lentil Creamy Dill Chips 95g
EATRELENSALTE95Grapetree,Eat Real Lentil Chips Salted 95g
EATRELENMAMI95GGrapetree,Eat Real Lentil Mango And Mint 95g
EATREASOCREAM90Grapetree,Eat Real Quinoa Chips Sour Cream and Chive 90g
EATREVEGSTSA110Grapetree,"Veggie Straws With Tomato, Kale and Spinach 110g"
EATREVEGPAP110GGrapetree,Eat Real Veggie Straws Smoked Paprika And Chilli 110g
EMSEAWEEDSALS50Grapetree,EMILY Seaweed Crisps Sea Salt 50g
EMRAINBROOTS100Grapetree,EMILY Veg Crisps Rainbow Roots 100g
ALOESHOWERGELGrapetree,Faith In Nature Aloe Vera Body Wash 400ml
FAITHALOVERCONDGrapetree,Faith In Nature Aloe Vera Conditioner 400ml
ALOEVERASHAMPOOGrapetree,Faith In Nature Aloe Vera Shampoo 400ml
FAITHAVOBODYWASGrapetree,Faith In Nature Avocado Body Wash 400ml
FINAVOCACOND400Grapetree,Faith In Nature Avocado Conditioner 400ml
FAITHBLECEDBDWAGrapetree,Faith In Nature Cedar Body Wash 400ml
COCONUTCONDITIOGrapetree,Faith In Nature Coconut Conditioner 400ml
FAITHDRAGBODWASGrapetree,Faith In Nature Dragon Fruit Body Wash 400ml
FAITHDRAFRCONDDGrapetree,Faith In Nature Dragon Fruit Conditioner 400ml
FAITHDRAGHAWASHGrapetree,Faith In Nature Dragon Fruit Handwash 400ml
FINDRAGFRSHAMPOGrapetree,Faith In Nature Dragon Fruit Shampoo 400ml
FINBLUECED100GGrapetree,Faith In Nature Blue Cedar Soap 100g
FINJOJOBA400MLGrapetree,Faith In Nature Jojoba Body Wash 400ml
FAITHMINTBODWASGrapetree,Faith In Nature Mint Body Wash 400ml
FINROSESHA400MLGrapetree,Faith In Nature Rosemary Shampoo 400ml
FINROSEMSOA100GGrapetree,Faith In Nature Rosemary Soap 100g
FAITHCOCOSHAMPGrapetree,Faith In Nature Coconut Shampoo 400ml
FAITHDRASHAMBARGrapetree,Faith In Nature Dragon Fruit Shampoo Bar 85g
FINSHEARGCON400Grapetree,Faith In Nature Shea And Argan Conditioner 400ml
FINSHEARGSHA400Grapetree,Faith In Nature Shea And Argan Shampoo 400ml
FAINATCOCOWA400Grapetree,Faith In Nature Coconut Body Wash 400ml
FINWIROSCOND400Grapetree,Faith In Nature Wild Rose Conditioner 400ml
FINWIROSEHAM400Grapetree,Faith In Nature Wild Rose Shampoo 400ml
ACAIBERRY5000MGGrapetree,Fito Acai Berry 5000mg 40 Capsules
ACIDPHILPROB10BGrapetree,Fito Acidophilus Probiotic 10 Billion 40 Capsules
APLPCIDIVN400MGGrapetree,Fito Apple Cider Vinegar 400mg 50 Tablets
FITASHWAHSTR40CGrapetree,Fito Ashwagandha 7.5% Withanolides High Strength 40 Caps
FITBLACOHOSH40SGrapetree,Fito Black Cohosh 40 Capsules
FITOCHAGA500MGGrapetree,Fito Chaga 500mg 40 Capsules
FITCHLOCAPS40SGrapetree,Fito Chlorophyll 40 Capsules
FITCORCEPS500MGGrapetree,Fito Cordyceps 500mg 40 Capsules
FITOCRACAPS40Grapetree,Fito Cranberry 400mg 40 Capsules
ELDERBE10000MGGrapetree,Fito Elderberry 10000mg 40 Capsules
GLUCOMANN500MGGrapetree,Fito Glucomannan 500mg 40 Capsules
FITOIRON20MGGrapetree,Fito Iron 20mg 60 Tablets
FITKOGIN400MG60Grapetree,Fito Korean Ginseng 400mg 60 Tablets
FITOLYQCOL200MLGrapetree,Fito Liquid Vegan Collagen 200ml
FITOLIQROT500MGGrapetree,Fito Liquorice Root 500mg 10:1 40 Capsules
LYCOPENE15MGGrapetree,Fito Lycopene 15mg 40 Capsules
FITTURMMAXSTE80Grapetree,Fito Maximum Strength Turmeric With 95% Curcumin 80mg
FITOMILKTHIS40SGrapetree,Fito Milk Thistle 40 Capsules
FITOPROBIOTIB12Grapetree,Fito Probiotics with B12 40 Capsules
FITOPYSHUSCAPSGrapetree,Fito Pysllium Husk 40 Capsules
FITORASKEY500MGGrapetree,Fito Raspberry Ketones 500mg 4% 40 Capsules
REDCLOVER7500MGGrapetree,Fito Red Clover 7500mg 40 Capsules
FITREISHMUSH40CGrapetree,Fito Reishi Mushroom 500mg 30% Polysaccharides 40 Caps
ROSEHIP5000MGGrapetree,Fito Rosehip 5000mg 40 Capsules
FTOSAGLEF2500MGGrapetree,Fito Sage Leaf 2500mg 40 Capsules
FITOSAWPAL40SGrapetree,Fito Saw Palmetto 40 Capsules
FITSTJOHWORT40SGrapetree,Fito St John's Wort 40 Capsules
FITOTAURIN500MGGrapetree,Fito Taurine 500mg 40 Capsules
FITOTURMGINGECAGrapetree,Fito Turmeric And Ginger 40 Caps
VALERIAN5000MGGrapetree,Fito Valerian 5000mg 40 Capsules
FITCOLLAGCAP40SGrapetree,Fito Vegan Collagen 140mg 40 Capsules
FFFPINWHMARS105Grapetree,Free From Fellows Vegan Pink & White Mini Mallows 105g
FFFSFPEADROP70GGrapetree,Free From Fellows Sugar Free Pear Drops 70g
FFFSFMIDGET100GGrapetree,Free From Fellows Sugar Free Midget Gems 100g
FFFSFRHUCUST70GGrapetree,Free From Fellows Sugar Free Rhubarb and Custard 70g
FFFSTRAWMAL105GGrapetree,Free From Fellows Vegan Strawberry Mallows 105g
FFFSFCOLBOT100GGrapetree,Free From Fellows Sugar Free Cola Bottles 100g
FFFSFGUMMYB100GGrapetree,Free From Fellows Sugar Free Gummy Bears 100g
FFFVANMARSH105GGrapetree,Free From Fellows Vegan Vanilla Mallows 105g
FFFWINGUMS100GGrapetree,Free From Fellows Sugar Free Wine Gums 100g
LINWFLACOQ10200Grapetree,"Linwoods Flaxseed, Almonds, Brazil Nuts And CoQ10 200g"
NSMILLELINS250GGrapetree,Natural Selection Milled Linseed 250g
GRORICACPOWD250Grapetree,Green Origins Organic Cacao Powder 250g
GRORMUSBLEN100GGrapetree,Green Origins Organic Mushroom Blend 100g
HAPPYGHEEOR300GGrapetree,Happy Butter Organic Ghee 300g
VMVITD1000iu240Grapetree,Grape Tree Vitamin D3 1000iu 240s
HUELSALTCAR500Grapetree,Huel Salted Caramel Complete Meal 500ml
HUELBANANA500MLGrapetree,Huel Banana Complete Meal 500ml
HUELCHOCDRIN500Grapetree,Huel Chocolate Complete Meal 500ml
HUELICEDCOFCARAGrapetree,Huel Iced Coffee Caramel Complete Meal 500ml
HUELSTRAWBANDCRGrapetree,Huel Strawberries and Cream Complete Meal 500ml
HUELVANILLA500MGrapetree,Huel Vanilla Complete Meal 500ml
CHAGALIQUI100MLGrapetree,Improve Me Chaga Mushroom Extract 100ml
LIONMANELQ100MLGrapetree,Improve Me Lions Mane Mushroom Extract 100ml
REISHILIQU100MLGrapetree,Improve Me Reishi Mushroom Extract 100ml
IMESHILAJCAP30SGrapetree,Improve Me Shilajit 30 Capsules
IMESHILAJRES50GGrapetree,Improve Me Shilajit Resin 50g
JWPRUNEJUICE1LTGrapetree,James White Prune Juice 1Litre
KALOVEGCAPBEETRGrapetree,Kallo Beetroot And Balsamic Veggie Cakes 122g
KALLOVEGCAPESPIGrapetree,Kallo Spinach And Pesto Veggie Cakes 122g
LINFLSUNCHIGOJIGrapetree,"Linwoods Organic Flaxseed, Sunflower, Pumpkin, Chia And Goji 200g"
LINWFLBIOVIT200Grapetree,"Linwoods Flaxseed, Bio Cultures And Vitamin D 200g"
LINWFLAXSEED200Grapetree,Linwoods Organic Cold Milled Flaxseed 200g
MGYEASFLAKE100GGrapetree,Marigold Engevita With B12 Yeast Flakes Blue 100g
MGYEASFIBRPR100Grapetree,Marigold Engevita Yeast Flakes Protein And Fibre 100g
MGSWBOUVEGA150GGrapetree,Marigold Reduced Salt Bouillon Powder 150g
MGSWVEGBOUP150GGrapetree,Marigold Original Bouillon Powder 150g
NATMEDJOOL500GGrapetree,Natural Medjool Dates With Stone 500g
MELMANHON300250Grapetree,Melora Manuka Honey 300+ MGO 250g
MELMANHO300500GGrapetree,Melora Manuka Honey 300+ MGO 500g
MELMANUKSQUEEZEGrapetree,Melora Manuka Honey Squeeze 330g
MERBMALEXTR370GGrapetree,Meridian Natural Barley Malt Extract 370g
MEORBLAMOLA600GGrapetree,Meridian Organic Blackstrap Molasses 600g
MFTORTAVOCA135GGrapetree,Mister Free'd Avocado Tortilla Chips 135g
MFTORTBLUMA135GGrapetree,Mister Free'd Blue Maize Tortilla Chips 135g
MFTORTKALEC135GGrapetree,Mister Free'd Kale And Spinach Tortilla Chips 135g
MFTORTCHEES135GGrapetree,Mister Free'd Cheese Flavour Tortilla Chips 135g
BLKFORDRKCHE90GGrapetree,Montezuma’s Black Forest Dark With Cherry Bar 90g
ABBLACKALMON90GGrapetree,Montezuma’s Absolute Black With Almonds 100% Cocoa Bar 90g
ABBLCKORABAR90GGrapetree,Montezuma’s Absolute Black With Orange And Cocoa Nibs Bar 90g
ABBLK100COBA90GGrapetree,Montezuma’s Absolute Black 100% Cocoa Bar 90g
HAPHIP74ORGE90GGrapetree,Montezuma’s Happy Hippy Dark 74% Orange and Geranium Chocolate Bar 90g
MLKPBMINEGG120GGrapetree,Montezuma’s Milk Chocolate Peanut Butter Mini Eggs 120g
MLKCARMINEG120GGrapetree,Montezuma’s Milk Chocolate Salted Caramel Mini Eggs 120g
MOGOECZEMAC120GGrapetree,MooGoo Eczema Cream With Ceramides 120g
MOGOFLCRMOI200GGrapetree,MooGoo Full Cream Moisturiser 200g
MOGOMILKWA500MLGrapetree,MooGoo Milk Wash 500ml
MOGOSCALCRE120GGrapetree,MooGoo Scalp Cream 120g
MOGOSOMSMMO200GGrapetree,MooGoo Soothing MSM Moisturiser 200g
MFCRISMUNUT650GGrapetree,Mornflake Crispy Muesli Nutty 650g
MFCRISFNMUE750GGrapetree,"Mornflake Crispy Fruit, Nut & Seed Muesli 750g"
MFNASFRGRAN500GGrapetree,"Mornflake No Added Sugar Granola Fruit, Nut & Seed 500g"
MFGLFRPOATS600GGrapetree,Mornflake Gluten Free Porridge Oats 600g
MORNJUMBOAT500GGrapetree,Mornflake Jumbo Oats 500g
MFLUXMUESLI750GGrapetree,Mornflake Fruit And Nut Muesli 750g
MFPOROGAOATS1KGGrapetree,Mornflake Organic Porridge Oats 1kg
MFSTEELCUTOA750Grapetree,Mornflake Steel Cut Oatmeal Coarse 750g
MFMEDOATMEA750GGrapetree,Mornflake Medium Oatmeal 750g
MORNFLOATS500GGrapetree,Mornflake Superfast Oats 500g
MRORGBAKEDBEANSGrapetree,Mr Organic Baked Beans 400g
MRORBASPEST130Grapetree,Mr Organic No Added Sugar Basil Pesto 130g
MRORGARPEAVESOUGrapetree,Mr Organic Garden Pea And Vegetable Soup 400g
MRORGPUMCASOUPGrapetree,"Mr Organic Pumpkin, Carrot And Chilli Soup 400g"
MRORGTOMLENTISOGrapetree,Mr Organic Tomato And Lentil Soup 400g
DETOXTE14DAY28SGrapetree,Natur Boutique Detox Tea 40s
WHODRIEDBAN200GGrapetree,Dried Whole Bananas 200g
NABOUGINSETEA20Grapetree,Natur Boutique Korean Ginseng Energy Tea 20 Sachets
NBHIBISCUTEA30GGrapetree,Natur Boutique Organic Hibiscus Tea 20s 30g
NBREISHT20SA30GGrapetree,Natur Boutique Reishi Tea 20 Bags
CRYGINGER200GGrapetree,Natural Selection Crystallised Ginger 200g
CRANBERRY170GGrapetree,Natural Selection Dried Cranberries 170g
CHOPDATES200GGrapetree,Natural Selection Chopped Dates 200g
NSMILLCHIAS200GGrapetree,Natural Selection Milled Chia Seeds 200g
NAIDMCTOIL500MLGrapetree,Natures Aid 100% Pure MCT Oil 500ml
CMCOCOMILK400MLGrapetree,Niru Coconut Milk 400ml
CMNICOWAT310MLGrapetree,Niru Coconut Water With Coconut Pieces 310ml
SRILANKMIXSP50GGrapetree,Sri Lankan Mixed Spices 50g
OPRBEVERYDAY30SGrapetree,OptiBac Probiotics Every Day 30 Capsules
ALOEVERALIPBALMGrapetree,AloeDent Aloe Vera Lip Balm 4g
CHERRYJUICE500Grapetree,Optima Sour Cherry Juice Concentrate 500ml
GLUCCOMUSGEL125Grapetree,Optima Glucosamine Complex Muscle Gel 125ml
ORPINGLUCHCL1LGrapetree,Optima Orange and Pineapple Concentrate Glucosamine HCL 1Litre
POMEGRAJUICE500Grapetree,Optima Pomegranate Juice 500ml
CHERJUGLUCHCL1LGrapetree,Optima Sour Cherry Concentrate Glucosamine HCL Juice 1Litre
NSSMALBRAZNU_1265Grapetree,New Season's Brazil Nuts 250g
NSSMALBRAZNU_1266Grapetree,New Season's Brazil Nuts 500g
GTMARZFRUI1T70GGrapetree,Grape Tree Marzipan Fruits 12 Pieces
GTMINIMALLOW185Grapetree,Mini Marshmallows 170g
POPPINGCORN_2282Grapetree,Popping Corn 1kg
PUMPKIN_1295Grapetree,Pumpkin Seeds 1kg
SUNFLOWER_1321Grapetree,Sunflower Seeds 500g
GTINULINPOW500GGrapetree,Inulin Powder 500g
ORGGOLDLINS500GGrapetree,100% Organic Golden Linseed 500g
ORGSUNFSEED_2417Grapetree,100% Organic Sunflower Seeds 400g
ALLSPICEPIM100GGrapetree,All Spice Pimento 100g
GTALMONBUTT500GGrapetree,Grape Tree Almond Butter 500g
GTALMOFLOUR_2043Grapetree,Grape Tree Almond Flour 500g
ALMJUMBRAIS500GGrapetree,Almonds And Jumbo Raisins 500g
ORGACHIASEED_2278Grapetree,Organic Chia Seeds 1kg
GTASSTDMALLOW18Grapetree,Assorted Marshmallows 170g
BANANACHIP_1334Grapetree,Banana Chips 200g
BANANACHIP_1335Grapetree,Banana Chips 500g
BBQCRACKER275GGrapetree,Barbeque Flavoured Rice Crackers 275g
BARBSEASON160GGrapetree,Barbeque Seasoning 160g
BARBESEASON500GGrapetree,Barbeque Seasoning 500g
BASILSEEDS100GGrapetree,Basil Seeds 100g
BAYLEAVES15GGrapetree,Bay Leaves 15g pack
GTORBPOLLEN125GGrapetree,Bee Pollen 125g
GTBEETRPOWD200GGrapetree,Beetroot Powder 200g
BERRYBLEND1KGGrapetree,Berry Blend 1kg
GTBIOTIN5000MCGGrapetree,Grape Tree Biotin 5000mcg 60 Tablets
GTBLKSEOIL100MLGrapetree,Grape Tree Black Cumin Seed Oil 100ml
BLONIONSEED125GGrapetree,Black Onion Seeds 125g
BLKPEPBAG500GGrapetree,Black Peppercorns 500g
BLASESASEED100GGrapetree,Black Sesame Seeds 100g
BLANCHPEANUT_1315Grapetree,Blanched Peanuts 500g
BOMBAYMIX500gGrapetree,Bombay Mix 500G
BOUQUETGARNIGrapetree,Bouquet Garni 8 pack
SFBOVINCOL500MLGrapetree,Grape Tree Bovine Collagen 10000mg 500ml
GRDGINGER450GGrapetree,Ground Ginger Shaker 450g
MIXEDHERBS150GGrapetree,Mixed Herbs 150g
BRWNLINSEED500GGrapetree,Brown Linseed 500g
BULGURWHEAT500GGrapetree,Bulgur Cracked Wheat 500g
REDSKINPNUT_2146Grapetree,Redskin Peanuts 1kg
CAJUNSEASON150GGrapetree,Cajun Seasoning 150g
GTCALCIUMVD240Grapetree,Grape Tree Calcium With Vitamin D3 Tablets 240s
ALMONDS_2714Grapetree,Supreme Californian Almonds 250g
NAKEDGINGER500GGrapetree,Candied Naked Ginger 500g
CARAWAYSEED150GGrapetree,Caraway Seeds 150g
GROUNDCARD100GGrapetree,Ground Cardamom 100g
JAMACURPOWD130GGrapetree,Caribbean Curry Powder 130g
GTCASHEBUTT500GGrapetree,Grape Tree Cashew Butter 500g
RAWCASHEW_1721Grapetree,Raw Whole Cashews 500g
ROASTALTCASH_1311Grapetree,Roasted Salted Cashews 1kg
CAYENNEPEPP100GGrapetree,Cayenne Pepper Blend 100g
CELERYSALT200GGrapetree,Celery Salt 200g
CELERYSEEDS100GGrapetree,Celery Seeds 100g
CHAMOMILE50GGrapetree,Chamomile Flower 50g
GTCHESTNUTS180GGrapetree,Grape Tree Cooked Whole Chestnuts 180g
GTCHESTN50X180GGrapetree,Grape Tree Chestnuts Bulk Box 50 x 180g
CHIASEEDS1KGGrapetree,Chia Seeds 1kg
CHIASEEDS500GGrapetree,Chia Seeds 500g
CHICKPEAFLO500GGrapetree,Chick Pea Flour 500g
CHICKENSEAS150GGrapetree,Chicken Seasoning 150g
CHILFLCRACK275GGrapetree,Chilli Flavoured Rice Crackers 275g
CHILLIPOWDR150GGrapetree,Chilli Powder 150g
CHIN5SPICE100GGrapetree,Chinese 5 Spice 100g
CHIVEFLAKES40GGrapetree,Chive Flakes 40g
CHOCCINDER250GGrapetree,Chocolate Cinder Toffee 250g
CITRICACID125GGrapetree,Citric Acid 125g
CODOIL1000M240SGrapetree,Cod Liver Oil 1000mg 240s
MARINECOLL250GGrapetree,Marine Collagen Powder 250g
CORIANDSEEDS85GGrapetree,Coriander Seeds 85g
CRACBLACPEPP75GGrapetree,Cracked Black Pepper 75g
CRUSHGOLLIN_2201Grapetree,Cracked Golden Linseed 1kg
CRUSHGOLLIN_1748Grapetree,Cracked Golden Linseed 500g
CRANBLUEBER375GGrapetree,Cranberries and Blueberries 375g
GTRCRANPOWE200GGrapetree,Cranberry Powder 200g
CRUSHCHILLI100GGrapetree,Crushed Chillies (Chilli Flakes) 100g
CRYGINGER1KGrapetree,Crystallised Ginger 1kg
CRYGINGER500GGrapetree,Crystallised Ginger 500g
CRYPINEPAPA500GGrapetree,Crystallised Pineapple & Papaya 500g
CUMINSEEDS150GGrapetree,Cumin Seeds 150g
CURRANTS500GGrapetree,Currants 500g
CURRYLEAVES25GGrapetree,Curry Leaves 25g
DKCHOCALMON400GGrapetree,Dark Chocolate Almonds 400g
DKCHOCOCASH400GGrapetree,Dark Chocolate Cashews 400g
DCHCOFFBEAN400GGrapetree,Dark Chocolate Coffee Beans 400g
DARKCHOCRAN400GGrapetree,Dark Chocolate Cranberries 400g
DRKCHOCGING400GGrapetree,Dark Chocolate Ginger 400g
DARKCHOCPEA400GGrapetree,Dark Chocolate Peanuts 400g
DRKCHOCRAIS400GGrapetree,Dark Chocolate Raisins 400g
DELUXEMIX_1320Grapetree,Deluxe Mix 1kg
DELUXEMIX_1319Grapetree,Deluxe Mix 375g
DICECRYCOCO200GGrapetree,Diced Crystallised Coconut 200g
DICEDPAPAYA200GGrapetree,Diced Crystallised Papaya 200g
DICECRYPAPA500GGrapetree,Diced Crystallised Papaya 500g
VINDOLLYMIX500GGrapetree,Dolly Mixture 500g
WHNATAPRICO500GGrapetree,Whole Natural Dried Apricots 500g
NATAPRICOTS250GGrapetree,Whole Natural Dried Apricots 250g
BASIL60GGrapetree,Dried Basil - 60g pack
DRIBLUEBERR150GGrapetree,Dried Blueberries 150g
DILL50GGrapetree,Dried Dill 50g
GRNLENTILS500GGrapetree,Green Lentils 500g
MINT50GGrapetree,Dried Mint 50g
PARSLEY50GGrapetree,Dried Parsley 50g
PITTEDDATES_1332Grapetree,Pitted Dates 500g
PITTEDPRUNE_1338Grapetree,Pitted Prunes 500g
TARRAGON50GGrapetree,Dried Tarragon 50g
GTEVPR1000MG240Grapetree,Evening Primrose Oil 1000mg 240 Soft Gel Capsules
EXTLHTWALHA375GGrapetree,Extra Light Walnut Halves 375g
MUSCOVADO500GGrapetree,Dark Muscovado Sugar 500g
FAJITASEAON150GGrapetree,Fajita Seasoning 150g
GRDCINNAMON400GGrapetree,Ground Cinnamon Shaker 400g
FENNELSEEDS130GGrapetree,Fennel Seeds 130g
FENUGREEKLEA40GGrapetree,Fenugreek Leaves 40g
FESTMIXFRUIT_2847Grapetree,Festival Mix 1kg
FESTMIXFRUIT_2848Grapetree,Festival Mix 500g
FINPISTKERN_2005Grapetree,Finest Pistachio Nut Kernels 1kg
FINPISTKERN_1256Grapetree,Finest Pistachio Nut Kernels 500g
FLAKEDALM_1248Grapetree,Flaked Almonds 1kg
FLAKEDALM_1246Grapetree,Flaked Almonds 200g
FLAKEDALM_1247Grapetree,Flaked Almonds 400g
GTFLAXSEOILCAPSGrapetree,Grape Tree Flaxseed Oil 1000mg Capsules 240s
VINTFLYSAUCE55GGrapetree,Flying Saucers 55g
DRFORMUSHMIX40GGrapetree,Forest Mix Mushrooms 40g
FRUNUTSEEMI400GGrapetree,"Fruit, Nut And Seed Mix 400g"
VINFRUITJELL500Grapetree,Fruit Jellies 500g
VINFRUTPAST500GGrapetree,Fruit Pastilles 500g
GARAMMASALA100GGrapetree,Garam Masala 100g
GARLGRANULES75GGrapetree,Garlic Granules 75g
GARLICGRAN500GGrapetree,Garlic Granules Shaker 500g
GATHIAMIX500GGrapetree,Gathia Mix 500g
GROUNDGING100GGrapetree,Ground Ginger 100g
GTGINGERC1100MGGrapetree,Grape Tree Ginger Root 1100mg 240 Capsules
GOJIBERRIES_1327Grapetree,Goji Berries 200g
GTCHERRHALVA250Grapetree,Grape Tree Cherry Halva 250g
GTCHOCHALVA250Grapetree,Grape Tree Chocolate Halva 250g
GTMACAPOWDER_1347Grapetree,Grape Tree Maca Powder 500g
GTMACAPOWDER_1346Grapetree,Grape Tree Maca Powder 200g
GRAPETREEX11KGrapetree,Grape Tree XI Mix 1kg
GREENCARDA500GGrapetree,Green Cardamom 500g
GTGREENCARDA50GGrapetree,Green Cardamom 50g
GROUNALLSPIC85GGrapetree,Ground All Spice Pimento 85g
GROUNDALMOND_1307Grapetree,Ground Almonds 1kg
GROUNDALMOND_1305Grapetree,Ground Almonds 200g
GROUNDALMOND_1306Grapetree,Ground Almonds 500g
GROUNDBLACK100GGrapetree,Ground Black Pepper 100g
GRDCINNAM100GGrapetree,Ground Cinnamon 100g
GRDCORIANDER100Grapetree,Ground Coriander 100g
GROUNDCUMIN100GGrapetree,Ground Cumin 100g
GROUNDMACE50GGrapetree,Ground Mace 50g
GROUNDSUMAC80GGrapetree,Ground Sumac 80g
GRDTURMERIC150GGrapetree,Ground Turmeric 150g
GROTURMERIC450GGrapetree,Ground Turmeric Shaker 450g
GROUNDWHITE100GGrapetree,Ground White Pepper 100g
HABASFRITAS_2104Grapetree,Habas Fritas 200g
HABASFRITAS_2105Grapetree,Habas Fritas 500g
HARISSA85GGrapetree,Harissa 85g
OTBHEMPOIL250MLGrapetree,Organic Hemp Seed Oil 250ml
HERBSDEPROVE80GGrapetree,Herbs De Provence 80g
GLUCOSULP1000MGGrapetree,Grape Tree High Strength Glucosamine Sulphate 1000mg 240s
GTHIMPINSAL400GGrapetree,Himalayan Pink Rock Salt Crystals 400g
MADRASHOT150GGrapetree,Hot Madras Curry Powder 150g
SESAMESEEDS1KGGrapetree,Hulled Sesame Seeds 1kg
SUNFLOWER_1322Grapetree,Sunflower Seeds 1kg
GTINULINPOW200GGrapetree,Inulin Powder 200g
IRISHSEAMOSS50GGrapetree,Irish Sea Moss 50g
JAMJERKSEAS100GGrapetree,Jamaican Jerk Seasoning 100g
JAPCURRYCRA275GGrapetree,Japanese Style Curry Crackers 275g
VINJARPEADROP50Grapetree,Jargonelle Pear Drops 450g
VINJELLYBABIE50Grapetree,Jelly Babies 500g
GTREJUMBOATS1KGGrapetree,Jumbo Oats 1kg
JUMBPECHALVE_1971Grapetree,Jumbo Pecan Halves 1kg
JUMBPECHALVE_1344Grapetree,Jumbo Pecan Halves 500g
JUNIPERBERR100GGrapetree,Juniper Berries 100g
KATSUCURRPO130GGrapetree,Katsu Curry Powder 130g
KOREANBARBE160GGrapetree,Korean Barbeque Seasoning 160g
LAVENDER100GGrapetree,Lavender 100g
LEMANDPEP75GGrapetree,Lemon And Pepper Seasoning 75g
CALIWALNHAL_1318Grapetree,Californian Light Walnut Halves 500g
VINLIQALLSORT50Grapetree,Liquorice Allsorts 500g
LIQUORPOWDER80GGrapetree,Liquorice Root Powder 80g
LIQROOTSTICK100Grapetree,Liquorice Root Sticks 100g
WHLREDCHER1KGGrapetree,Whole Red Cherries 1kg
GTMAGNESZINC240Grapetree,Grape Tree Magnesium And Zinc 240's
MAGCIT400MG240SGrapetree,Grape Tree Magnesium Citrate 800mg 240s
MAGGLY400MG240SGrapetree,Grape Tree Magnesium Glycinate 1000MG 240s
ORGANICMANGO_1253Grapetree,Organic Mango 200g
SFMARINCOL500MLGrapetree,Grape Tree Marine Collagen 10000mg 500ml
GTMARICOLCAP60SGrapetree,Grape Tree Marine Collagen 500mg 60 Capsules
MARJORAM40GGrapetree,Marjoram 40g
GTPWMALLOW210GGrapetree,Pink and White Marshmallows 185g
MEXICANMIX275GGrapetree,Mexican Mix 275g
MEXICANSEAS130GGrapetree,Mexican Seasoning 130g
VINMIDGGEMS500GGrapetree,Midget Gems 500g
MADRASMILD150GGrapetree,Mild Madras Curry Powder 150g
MCBRAZILS400GGrapetree,Milk Chocolate Brazil Nuts 400g
MLKCHOCGING400GGrapetree,Milk Chocolate Ginger 400g
MCPEANUTS400GGrapetree,Milk Chocolate Peanuts 400g
MCRAISINS400GGrapetree,Milk Chocolate Raisins 400g
MCSEACARFUD400GGrapetree,Milk Chocolate Sea Salt and Caramel Fudge 400g
GOLDLINSEED500GGrapetree,Golden Linseed (Flaxseed) 500g
SPECCHOEGG270GGrapetree,Grape Tree Speckled Mini Eggs 270g
MIXCOLCHERR400GGrapetree,Mixed Coloured Glace Cherries 400g
MIXEDHERBS60GGrapetree,Mixed Herbs 60g
MIXEDNUTS300GGrapetree,Mixed Nuts 300G
ORGMIXEDNUT400GGrapetree,Organic Mixed Nuts 400g
MIXPEPPERCO225GGrapetree,Mixed Peppercorns 225g
MIXEDSPICE100GGrapetree,Mixed Spice 100g
PITTEDPRUNE_1339Grapetree,Pitted Prunes 1kg
GTMUESLIBASEKGGrapetree,Grape Tree Muesli Base 1kg
GTMULTIVITA240SGrapetree,Grape Tree Multivitamins 240s
GTMULTIVITA240SGrapetree,Grape Tree Multivitamins 240s
MUSCLIGHSUG500GGrapetree,Light Muscovado Sugar 500g
NATURALMIX400GGrapetree,Natural Mix 400g
NATSEASALT500GGrapetree,Natural Sea Salt 500g
NETTLELEAF100GGrapetree,Nettle Leaf 100g
NHAPPLESLIC400GGrapetree,New Harvest Apple Slices 400g
NSEDRIEDFIGS_1277Grapetree,New Harvest Dried Figs 1kg
STDMIXMUSH500GGrapetree,New Standard Mix Mushrooms 500g
NONPARALMON500GGrapetree,Nonpareil Almonds 500g
ORGCASHEW_2102Grapetree,Organic Cashews 250g
REDLENTILGT500GGrapetree,Red Lentils 500g
MINORGMUNGBEAN5Grapetree,Mintons Organic Mung Beans 500g
GRNDNUTMEG100GGrapetree,Ground Nutmeg 100g
GTGARLICPEAR240Grapetree,"Grape Tree Odourless Garlic Pearls 1,000mg 240's"
GTOME1000MG240SGrapetree,Grape Tree Omega 3 Fish Oil 1000mg 240 Softgel Capsules
GTOME1000MG120SGrapetree,Grape Tree Omega 3 Fish Oil 1000mg 120 Capsules
OMEGCHIAGOJ500GGrapetree,Omega Mix with Chia and Goji 500g
OMEGASEEDMIX_2025Grapetree,Omega Seeds 500g
ONIONPOW100GGrapetree,Onion Powder 100g
ONIONSALT150GGrapetree,Onion Salt 150g
OREGANO70GGrapetree,Oregano 70g
ORGCASHEW_2101Grapetree,Organic Cashews 1kg
ORG100QUINO500GGrapetree,100% Organic Quinoa 500g
GTORGFJUMOA1KGGrapetree,Grape Tree Organic Gluten Free Jumbo Oats 1kg
ORACBERPOW100GGrapetree,Organic Acai Berry Powder 100g
BIORAGSYLIG350GGrapetree,Organic Agave Syrup Nectar Light 250ml
GTBAOBABPOW200GGrapetree,Grape Tree Organic Baobab Powder 200g
GTCACAOPOWDER_1250Grapetree,Organic Cacao Powder 500g
GTCACAOPOWDER_1249Grapetree,Organic Cacao Powder 200g
ORGCHIAPROT500GGrapetree,Organic Chia Seed Protein Powder 500g
GTCHLORPOWD125GGrapetree,Organic Chlorella Powder 125g
GTCOCONUFLO500GGrapetree,Grape Tree Organic Coconut Flour 500g
GTCOSUGABAG500GGrapetree,Grape Tree Coconut Sugar 500g
ORGPITTDATE500GGrapetree,100% Organic Deglet Noor Dates 500g
GOJIBERRIES_1329Grapetree,Goji Berries 1kg
ORGTURMERIC850GGrapetree,Organic Ground Turmeric 850g
ORGKELPPOW250GGrapetree,Organic Kelp Powder 250g
GTMORINGPOW200GGrapetree,Organic Moringa Powder 200g
GTPSYLHUSKS_2007Grapetree,Organic Psyllium Husks 125g
ORGPSYLHUSK450GGrapetree,Organic Psyllium Husks 450g
ORGPUMPKPR500GGrapetree,Organic Pumpkin Protein Powder 500g
GT80PURPROP500GGrapetree,Organic Pure Natural Protein Powder 500g
ORGANQUINOA1KGGrapetree,100% Organic Quinoa 1kg
OBBLSEEOIL100MLGrapetree,Organic The Best Black Seed Oil 100ml
OTBCASTOIL100MLGrapetree,Organic The Best Castor Oil 100ml
TOASTEDCOCO_2389Grapetree,Toasted Coconut 200g
TRICOLOQUIN_2348Grapetree,Organic Tricolour Quinoa 1kg
TRICOLOQUIN_2349Grapetree,Organic Tricolour Quinoa 400g
PALESKPEANUT_2681Grapetree,Paleskin Peanuts 500g
SWEETPAPRIK100GGrapetree,Paprika 100g
PEAPROPOWCV500GGrapetree,Grape Tree Pea Protein Powder 500g
BLANCHPEANUT_1316Grapetree,Blanched Peanuts 1kg
JUMBPECHALVE_1343Grapetree,Jumbo Pecan Halves 200g
EXPEPEROIL200MGGrapetree,Grape Tree Extra Strength Peppermint Oil 200mg 60 Capsules
PERSGOLRAIS500GGrapetree,Persian Golden Raisins 500g
PICKLISPICE100GGrapetree,Pickling Spice 100g
PINENUTS_1264Grapetree,Pine Nut Kernels 1kg
PINENUTS_2677Grapetree,Pine Nut Kernels 100g
GTMINIMALLOW185Grapetree,Mini Marshmallows 170g
PIRIPIRISEA150GGrapetree,Piri Piri Seasoning 150g
GTPISTAHALVA250Grapetree,Grape Tree Pistachio Halva 250g
FINPISTKERN_1255Grapetree,Finest Pistachio Nut Kernels 200g
RSPISTACHIO_2015Grapetree,Roasted Salted Pistachios 1kg
PITTEDDATES_1332Grapetree,Pitted Dates 500g
BPITTEDPRUX10Grapetree,Bulk Buy Pitted Prunes 1kg x 10
PLAINCINDER250GGrapetree,Plain Cinder Toffee 250g
GTPOLENTA500GGrapetree,Grape Tree Polenta 500g
POMEGRAN1KGGrapetree,Grape Tree Pomegranate Turkish Delight 1kg
VINPONTCAKE500GGrapetree,Pontefract Cakes 500g
POPPINGCORN_2283Grapetree,Popping Corn 500g
PREMJUMIXRAIS_1758Grapetree,Premium Jumbo Mixed Raisins 1kg
MIXEDNUTS1KGGrapetree,Mixed Nuts 1kg
GTLECITHGRA500GGrapetree,Grape Tree 100% Pure Lecithin Granules 500g
SALTPRETZEL300GGrapetree,Salted Pretzels 300g
PUMPKIN_1294Grapetree,Pumpkin Seeds 400g
PURCEYLCINN5STKGrapetree,5 Pure Ceylon Cinnamon Sticks
RESQUINSEED500GGrapetree,Quinoa 500g
RASELHANOUTE75GGrapetree,Ras El Hanoute 75g
RAWSPLTCASH_1733Grapetree,Raw Split Cashews 1kg
RAWSPLTCASH_1734Grapetree,Raw Split Cashews 300g
RAWCASHEW_1300Grapetree,Raw Whole Cashews 1kg
WHOLEREDCHIL50GGrapetree,Red Whole Chillies 50g
REDSKINPNUT_2147Grapetree,Redskin Peanuts 500g
REDUSUGCRANB_2842Grapetree,Reduced Sugar Cranberries 1kg
REDUSUGCRANB_1330Grapetree,Reduced Sugar Cranberries 500g
REISHMUSHPOW50GGrapetree,Reishi Mushroom Powder 50g
ROASTALTCASH_1308Grapetree,Roasted Salted Cashews 200g
ROASTALTCASH_1309Grapetree,Roasted Salted Cashews 400g
RSPISTACHIO_1287Grapetree,Roasted Salted Pistachios 500g
RSLTBLKSOYB_2949Grapetree,Roasted Salted Black Soy Beans 200g
SAEDAMBEANS_2894Grapetree,Roasted Salted Edamame Beans 200g
ROASALMACAD400GGrapetree,Roasted Salted Macadamia Nuts 400g
PALESKPEANUT_2680Grapetree,Paleskin Peanuts 1kg
ROGANJOSH130GGrapetree,Rogan Josh Masala 130g
ROSELEMON1KGGrapetree,Grape Tree Rose And Lemon Turkish Delight 1kg
SAGE100GGrapetree,Sage 100g
SALADSPRIKL400GGrapetree,Salad Sprinkle 400g
GTSALTPEABUTT1KGrapetree,Grape Tree Salted Peanut Butter 1kg
SALTPRETZEL300GGrapetree,Salted Pretzels 300g
SEABUCKBER40GGrapetree,Sea Buckthorn Berries 40g
SEAFLAVPNUT_2107Grapetree,Seaweed Peanut Crackers 200g
YELSEMOL500GGrapetree,Grape Tree Semolina 500g
SESPEPCRACK275GGrapetree,Sesame And Black Pepper Crackers 275g
SESAMESEEDS375GGrapetree,Hulled Sesame Seeds 375g
SHAWARMSEA100GGrapetree,Shawarma Seasoning 100g
SMOKEDPAPRIK80GGrapetree,Smoked Paprika Powder 80g
SMOKPAPRIKA450GGrapetree,Smoked Paprika Shaker 450g
GTPEANUBUTT500GGrapetree,Grape Tree Peanut Butter 500g
SNAPPEBRAZILS1KGrapetree,Snapped Brazil Nuts 1kg
PITTEDPRUNE_2280Grapetree,Pitted Prunes 250g
PITTEDPRUNE_1339Grapetree,Pitted Prunes 1kg
SPINACHPOW250GGrapetree,Spinach Powder 250g
GTSPIRULICAP60SGrapetree,Grape Tree Organic Spirulina 500mg 60 Capsules
STARANISE50GGrapetree,Star Anise 50g
STEAKSEASON140GGrapetree,Steak Seasoning 140g
STEMGINGER720GGrapetree,Stem Ginger In Syrup 720g
STEVIATRIZE500GGrapetree,Triple Zero Stevia Sweetener 500g
STRAWBCABLES8PKGrapetree,Strawberry Cables 8 Pack
DBSFLEMCREAM75GGrapetree,Sugar Free Lemon & Cream Sweets 75g
SUGARLMONDS300GGrapetree,Sugared Almonds 300g
SULTANA_1755Grapetree,Sultanas 1kg
SULTANA_1754Grapetree,Sultanas 500g
SUNFLOWER_1322Grapetree,Sunflower Seeds 1kg
GTTURWBLAPEP60Grapetree,Grape Tree Organic Turmeric 500mg With Black Pepper 60 Capsules
ALMONDS_1298Grapetree,Supreme Californian Almonds 1kg
ALMONDS_1297Grapetree,Supreme Californian Almonds 500g
CRANBERRY_1337Grapetree,Sweetened Dried Cranberries 1kg
CRANBERRY_1336Grapetree,Sweetened Dried Cranberries 375g
SZECHUAN50GGrapetree,Szechuan Pepper 50g
TANDORMASAL100GGrapetree,Tandoori Masala 100g
THAIGRECURR275GGrapetree,Thai Green Curry Crackers 275g
TIKKAMASALA100GGrapetree,Tikka Masala Powder 100g
TOASTEDCOCO_2388Grapetree,Toasted Coconut 400g
BRMBTOFFPOP250GGrapetree,Toffee Popcorn 250g
TOFFPOPCORN200GGrapetree,Toffee Popcorn 200g
TROPICALMIX500GGrapetree,Tropical Mix 500g
TROPICSEAS135GGrapetree,Tropical Seasoning 135g
GTTURMVEG500240Grapetree,Grape Tree Turmeric 500mg Vegetable Capsules 240s
GTTURWBLAPEP120Grapetree,Grape Tree Turmeric 500mg With Black Pepper 5mg 120 Capsules
GTTURWBLAPEP240Grapetree,Grape Tree Turmeric 500mg With Black Pepper 5mg 240 Capsules
GTTUR500POW120SGrapetree,Turmeric Powder Capsules 500mg 120s
MIXNUTFRUIT500GGrapetree,Fruit and Nut Mix 500g
VANILLAPOD3Grapetree,Vanilla Pods - 3 pack
VEGCOLABOTT500GGrapetree,Vegan Cola Bottles 500g
VEGFRJELLIE500GGrapetree,Vegan Fruit Jellies 500g
VEGMEERJELL500GGrapetree,Vegan Meerkat Jellies 500g
VEGSTRAWJEL500GGrapetree,Vegan Strawberry Jellies 500g
FORGTURMCAP10MGGrapetree,"Vegetarian Turmeric 10,000mg 40 Capsules"
VINTLIQCOMF500GGrapetree,Vintage Liquorice Comfits 500g
GTBCOMP100%HISTGrapetree,Grape Tree B-Complex 100% High Strength 120s
VMVITD4000iu240Grapetree,Grape Tree Vitamin D3 4000iu 240 Tablets
RSPISTACHIO_1286Grapetree,Roasted Salted Pistachios 250g
WALHAVPIECES_1268Grapetree,Walnut Halves and Pieces 200g
CALIWALNHAL_1318Grapetree,Californian Light Walnut Halves 500g
WALHAVPIECES_1270Grapetree,Walnut Halves and Pieces 1kg
WALHAVPIECES_1269Grapetree,Walnut Halves and Pieces 400g
CALWALLRGPIE1KGGrapetree,Californian Large Walnut Pieces 1kg
CALIWALNHAL_1317Grapetree,Californian Light Walnut Halves 250g
ORGWHEATBRA500GGrapetree,Grape Tree Organic Wheat Bran 500g
GRAPEWHEAGE500GGrapetree,Grape Tree Wheatgerm 500g
GTORWHEAPOW100GGrapetree,Wheatgrass Powder 100g
WHCHOCOBRAZ400GGrapetree,White Chocolate Brazils 400g
WHPEPPERCORN75GGrapetree,White Peppercorns 75g
BLACKPEPCORNS25Grapetree,Black Peppercorns 250g
WHOBLANCHALM_1911Grapetree,Whole Blanched Almonds 1kg
WHOBLANCHALM_1913Grapetree,Whole Blanched Almonds 200g
WHOBLANCHALM_1912Grapetree,Whole Blanched Almonds 500g
1BCASW32022.68KGrapetree,Whole Cashews Raw Bulk Box 22.68kg
WHOLECLOVES70GGrapetree,Whole Cloves 70g
WHDESSCASHE_1274Grapetree,Whole Dessert Cashews 250g
WHMIXNUTKERN_2593Grapetree,Selected Whole Mixed Nut Kernels 1kg
NSEASNATAPRI1KGGrapetree,Whole Natural Dried Apricot 1kg
WHOLENUTMEGS50GGrapetree,Whole Nutmegs 50g
MIXPEELCAPS500GGrapetree,Whole Peel Caps 500g
PITTEDDATES_1333Grapetree,Pitted Dates 1kg
WHOLEREDCH100GGrapetree,Whole Red Chillies 100g
MILLET500GGrapetree,Millet 500g
WINEGUMS_1292Grapetree,Wine Gums 500g
GTYEASTFLAKE250Grapetree,Yeast Flakes with Vitamin B12 250g
YELLMUSTSEE200GGrapetree,Yellow Mustard Seeds 200g
YOGAPRICOT400GGrapetree,Yogurt Coated Apricots 400g
YOGBANANA400GGrapetree,Yogurt Coated Banana 400g
YOGCRANBERY400GGrapetree,Yogurt Coated Cranberries 400g
YOGPEANUTS400GGrapetree,Yogurt Coated Peanuts 400g
YOGRAISINS400GGrapetree,Yogurt Coated Raisins 400g
ZAATAR115GGrapetree,Za'atar 115g
GTORSPIRPOW125GGrapetree,Organic Spirulina Powder 125g
PANDLIQORASP4PKGrapetree,Panda Liquorice Raspberry 4 Bar Pack
PANDORIGLIQ240GGrapetree,Panda Original Liquorice 240g
PANDLIQTORP100GGrapetree,Panda Liquorice Torpedos 100g
PANDPANLIQM170Grapetree,Panda Liquorice Mix 170g
PANDLIQUORIG4PKGrapetree,Panda Original Liquorice 4 Bar Pack
PANDRASPLIQ200GGrapetree,Panda Raspberry Liquorice 200g
PEANHOTPOWD180GGrapetree,Peanut Hottie Peanut Butter Powder 180g
PIMFRZAPPSLI30GGrapetree,Pimlico Freeze Apple Slices 30g
PIMFRZBANSLI30GGrapetree,Pimlico Freeze Dried Banana 30g
PIMFRZFIGSLI30GGrapetree,Pimlico Freeze Dried Fig Slices 30g
PIMFRZSTRSLI20GGrapetree,Pimlico Freeze Dried Strawberry 20g
PIMLFRJUELL200GGrapetree,Pimlico Fruit Jellies 200g
DELTRIPENNP250GGrapetree,Plants By Deliciously Ella Tricolore Penne 250g
PUKCHAVANMAN20SGrapetree,Pukka Organic Chamomile Vanilla & Manuka Honey 20 Bags
PUKDETORHERB20SGrapetree,Pukka Organic After Dinner Herbal Tea 20 Bags
PUKJOYHERBTE20SGrapetree,Pukka Joy Organic Herbal Tea 20 Bags
PUKLEMGINMAN20SGrapetree,Pukka Organic Lemon Ginger & A Touch Of Manuka Honey 20 Bags
PUKMORNBERRY20SGrapetree,Pukka Organic Morning Berry 20 Bags
PUKELDECHELD20SGrapetree,Pukka Organic Elderberry and Echinacea with Elderflower 20 Bags
PUKLOVORGHER20SGrapetree,Pukka Organic Love Herbal Tea 20 Bags
PUKNIGHTBERR20SGrapetree,Pukka Night Time Berry Organic Herbal Tea 20 Bags
PUKNIGHORHER20SGrapetree,Pukka Organic Night Time Herbal Tea 20 Bags
PUKRELORHERB20SGrapetree,Pukka Organic Relax Herbal Tea 20 Bags
PUKTHRECHAMO20SGrapetree,Pukka Organic Three Chamomile 20 Bags
PUKTHREEMINT20SGrapetree,Pukka Organic Three Mint Herbal Tea 20 Bags
PUKKORIGCHAI20SGrapetree,Pukka Organic Original Chai 20 Bags
PUKPEACEHERBS20Grapetree,Pukka Peace Organic Herbal Tea 20 Bags
PUKPEPPLICOR20SGrapetree,Pukka Organic Peppermint & Licorice 20 Bags
PUKKRADIANCE20Grapetree,Pukka Organic Radiance Tea 20 Bags
PUKSUPGREMAT20SGrapetree,Pukka Organic Supreme Green Matcha 20 Bags
PUKTHGINHERB20SGrapetree,Pukka Organic Three Ginger Herbal Tea 20 Bags
PUKTURMACTIV20SGrapetree,"Pukka Organic Turmeric, Ginger And Orange 20 Bags"
THREBEAHON340Grapetree,Three Bears Mellow And Mild Clear Honey 340g
MIGHONRSTCA_2518Grapetree,Mighty Honey Roasted Cashews 250g
WHLBRREDCHER1KGGrapetree,Whole And Broken Red Cherries 1 Kilo
RJLICOALLSORT28Grapetree,RJ's Licorice Allsorts 280g
RJLICOCHCTWIS28Grapetree,RJ's Licorice Choc Twists 280g
RJMIXFRULIC280GGrapetree,RJ's Mixed Fruit Flavoured Soft Licorice 280g
RJSOFLICBAG300GGrapetree,RJ's Soft Original Licorice 300g
RJSRASLIQBG300GGrapetree,RJ's Soft Raspberry Licorice 300g
REMGILEMULTIPACGrapetree,Remedy Ginger And Lemon Multipack 330ml (4 x 330ml)
REMKOMGIG700MLGrapetree,Remedy Kombucha Ginger Lemon 700ml
REMKOMPASMA250Grapetree,Remedy Kombucha Mango Passion 250ml
REMKOMANPAS700Grapetree,Remedy Kombucha Mango Passion 700ml
REMKOMRASPLE250Grapetree,Remedy Kombucha Raspberry Lemonade 250ml
REMKOMGING250MLGrapetree,Remedy Kombucha Ginger And Lemon 250ml
REMKOMRAS700MLGrapetree,Remedy Kombucha Raspberry Lemonade 700ml
REMWIBERKOM250Grapetree,Remedy Kombucha Wild Berry 250ml
RYCOCRUNBIS135GGrapetree,Rhythm 108 Coconut Crunch Biscuits 135g
RYLEGICHIBI135GGrapetree,"Rhythm 108 Lemon, Ginger And Chia Biscuits 135g"
RYALMBISCBI135GGrapetree,Rhythm 108 Almond Biscotti Biscuits 135g
RYHAZPRALBI135GGrapetree,Rhythm 108 Hazelnut Praline Filled Biscuits 135g
HIMPINKSALTCOU9Grapetree,Saltan Himalayan Pink Rock Salt Coarse 950g
SUNTOMHALVE_2046Grapetree,San Marzano Type Sun Dried Tomato Halves 500g
ORGSHHEMPSE_2217Grapetree,Organic Shelled Hemp Seeds 1kg
SESEMASNAPS30GGrapetree,Sesame Snaps 30g x 4
MOGOSENSBLM200GGrapetree,MooGoo Sensitive Skin Balm 120g
MOGOUDDRCRE200GGrapetree,MooGoo Skin Milk Udder Cream 200g
SOAKINDEASESALTGrapetree,Soakin Dead Sea Salt 1kg
STLMAPAMBE250MLGrapetree,St Lawrence Pure Organic Maple Syrup 250ml
SUMAXANTH100GGrapetree,Suma Xanthan Gluten Free Gum 100g
SUMFREDIREDRASPGrapetree,Summmer Freeze Dried Raspberries 11g
SUMDRISTRAWB11GGrapetree,Summmer Freeze Dried Sliced Strawberries 11g
LIQUORCABLES8PKGrapetree,Liquorice Cables 8pk
TARSPARKWATE500Grapetree,Tarka Springs Sparkling Water 500ml
TARSPWATSTI500Grapetree,Tarka Springs Still Water 500ml
TOL64985Grapetree,Taylor & Colledge Vanilla Bean Extract 100ml
THEBEALMCOOK80GGrapetree,The Beginnings Almond Cookies 80g
THEBEBLACOK80GGrapetree,The Beginnings Blackcurrant Cookies 80g
THEBEPROTCRA80GGrapetree,The Beginnings Protein Crackers 80g
THEBEEECRSEA80GGrapetree,The Beginnings Seed Crackers With Sea Salt 80g
TBRIHEMPSEEDOILGrapetree,The British Hemp Co Cold Pressed Hemp Seed Oil 500ml
TBRIHEMPFIBREPLGrapetree,The British Hemp Co Hemp Fibre Plus 500g
TBRIHEMCOMHULLEGrapetree,The British Hemp Co Hulled Hemp Seed Hearts 500g
TBRIHEMCOPROPWDGrapetree,The British Hemp Co Protein Powder 50% 500g
JBFRUMXICUP200GGrapetree,Jelly Bean Fruit Mix Cup 200g
JBFMIXEDTUBE90GGrapetree,Jelly Bean Gourmet Mix 90g
JBMIXCUP200GGrapetree,The Jelly Bean Factory Gourmet Jelly Bean Cup 200g
JBGOUMIXCAN380GGrapetree,Jelly Bean Gourmet Can 36 Flavours Mix 380g
JBMIXJAR700GGrapetree,The Jelly Bean Factory Gourmet Jelly Bean Jar 700g
LITEDARKCHOC85GGrapetree,Lite Dark Chocolate 85g
LITEDARKMINT85GGrapetree,Lite Dark Mint Chocolate 85g
LITEDARKORAN85GGrapetree,Lite Dark Orange Chocolate 85g
LITEMILKCHOC85GGrapetree,Lite Milk Chocolate 85g
LITEMILKHAZE85GGrapetree,Lite Milk Hazelnut Chocolate 85g
OSGORIGGRAN500GGrapetree,Oat So Good Original Granola 500g
TOSWEXYLITOL_1302Grapetree,Total Sweet Xylitol 1kg
TOSWEXYLITOL_1301Grapetree,Total Sweet Xylitol 225g
TROHALVAVAN300GGrapetree,Tahini Halva Vanilla 300g
